vel,angs,logCountM,distDif,clickD,clickTotalM,backSpaceM,leftSideM,rigthSideM,stressLevelM
1768.5913504344903,33.754427513008466,422,858.6779214868111,19705.0,3,0,0,0,2
2111.446145109239,30.625792555440064,441,1488.6641383296603,19695.0,3,0,0,0,3
1410.1546502469653,31.546801085046607,325,875.6082395367121,12953.0,4,0,0,0,3
1487.6154754575991,28.488154011447843,296,1217.8168817463904,9752.0,3,0,0,0,3
2827.31482364039,28.29987397194636,416,1778.3890608883582,44679.0,4,0,0,0,2
1198.8382306744436,22.333825544340485,218,888.8680457503408,49239.0,3,0,0,0,3
2155.4894330917937,26.5027201749096,490,1862.627644700136,19678.0,3,0,0,0,2
1343.7036115355302,25.79154645245455,374,877.6501280756343,16609.0,2,0,0,0,2
3735.709224813508,28.296411222132157,626,3192.008743022178,87752.0,5,0,1,0,2
1453.3478807645135,30.34594184492572,386,1027.7787273631195,55932.0,3,0,0,0,2
1031.9194696903162,30.913872129687363,189,223.4972886378549,26825.0,2,0,0,0,2
1078.4707950556306,34.029154468500614,228,787.0807964986144,34368.0,4,0,0,0,2
3735.709224813508,28.296411222132157,626,3192.008743022178,87752.0,5,0,1,0,2
1453.3478807645135,30.34594184492572,386,1027.7787273631195,55932.0,3,0,0,0,2
1031.9194696903162,30.913872129687363,189,223.4972886378549,26825.0,2,0,0,0,2
1078.4707950556306,34.029154468500614,228,787.0807964986144,34368.0,4,0,0,0,2
3735.709224813508,28.296411222132157,626,3192.008743022178,87752.0,5,0,1,0,2
1453.3478807645135,30.34594184492572,386,1027.7787273631195,55932.0,3,0,0,0,2
1031.9194696903162,30.913872129687363,189,223.4972886378549,26825.0,2,0,0,0,2
1078.4707950556306,34.029154468500614,228,787.0807964986144,34368.0,4,0,0,0,2
951.0107652713862,20.9220215509716,192,293.2206767751717,43295.0,4,0,0,0,3
720.2761024335217,21.33042061613397,130,371.7065518781571,34256.0,3,0,0,0,3
366.6049137348484,25.350930454974822,84,32.30552464266066,18495.0,3,0,0,0,2
452.858696583808,21.594036353499728,184,291.7736041650168,12407.0,3,0,0,0,3
775.2981580052109,21.60665407085352,276,360.5382444918142,30978.0,3,0,0,0,3
251.4059241434108,21.833440533630693,71,78.34643133480836,10313.0,4,0,0,0,3
312.5759894150328,21.10119070304372,132,30.950322065934643,21455.0,2,0,0,0,3
520.1105840753975,24.24247333006488,216,112.36911685112705,14874.0,3,0,0,0,3
5548.729952435945,26.0370399496415,294,4846.301908670838,120527.0,4,0,1,0,3
337.1049778711494,25.31002065506089,125,244.25721603559123,49873.0,3,0,0,0,3
396.95151357213774,26.880873296694865,168,139.76997669305,47772.0,3,0,1,0,3
541.9435373961973,23.71651441158746,87,426.7083762016914,20467.0,3,0,0,0,3
2224.1623887051514,24.85742969595817,255,1133.4045848701091,58319.0,4,0,0,0,2
567.7305287726928,26.08443573115689,46,0.5663928831205993,12608.0,1,0,0,0,2
2745.10608560322,24.60036338938567,425,2071.2680265834824,110698.0,3,0,0,0,2
892.3207484149538,26.277825607681223,158,980.0998431987152,47243.0,2,0,0,0,2
1890.401906108999,30.88297904749162,248,351.9541819148261,24664.0,4,0,0,0,2
686.5095443726924,19.34469543782691,176,281.41639902490016,23165.0,2,0,0,0,2
1200.3577855429023,28.77059843013079,257,1357.6551980598877,22756.0,3,0,0,0,2
655.3531941038008,31.098964494411327,159,97.61350019995632,24868.0,3,0,0,0,2
4779.618679356354,30.69192583940158,861,3102.003922100793,31282.0,5,0,0,0,3
2804.4779901758347,39.11353278585988,547,2402.3955839743976,34634.0,4,0,0,0,2
3246.5568400158118,36.92690258151202,450,2781.456641558785,16191.0,3,0,0,0,2
5792.740963896331,35.676444292123854,939,5016.659811703411,67166.0,4,0,0,0,2
4777.6831744586,30.69192583940158,856,3100.6542036406654,31282.0,5,0,0,0,3
2804.2998445909616,39.11353278585988,544,2383.8803775900374,34634.0,4,0,0,0,2
3245.516496920491,36.92690258151202,447,2781.394026566574,16191.0,3,0,0,0,2
5789.147048428495,35.676444292123854,934,5013.882323945752,67166.0,4,0,0,0,2
4779.618679356354,30.69192583940158,861,3102.003922100793,31282.0,5,0,0,0,3
2804.4779901758347,39.11353278585988,547,2402.3955839743976,34634.0,4,0,0,0,2
3246.5568400158118,36.92690258151202,450,2781.456641558785,16191.0,3,0,0,0,2
5792.740963896331,35.676444292123854,939,5016.659811703411,67166.0,4,0,0,0,2
4172.658719742615,28.453315583988225,423,3666.376463765276,58864.0,4,0,0,0,2
690.9903004573587,25.81472863572625,79,534.4864672433457,5457.0,1,0,0,0,2
1521.8186989638084,27.503016888070945,209,1115.4643256011336,69325.0,4,0,0,0,2
911.5023927706876,26.95954457834989,145,336.2377662815393,96219.0,4,0,0,0,2
1559.5033000361996,25.472135991263343,244,769.9070578575561,31912.0,4,0,0,0,2
430.6822973879717,28.16521090253792,61,135.77711123626534,19464.0,3,0,0,0,2
379.3465878122005,27.335882341107816,98,27.64436742787501,10129.0,3,0,0,0,2
388.8682961598757,29.72484570371288,91,407.1295385551405,30448.0,4,0,0,0,2
3966.401056031899,26.845900243055414,713,3197.648944680277,17991.0,3,0,0,0,2
9623.036270414066,28.812262767110308,907,9259.102872779082,61114.0,4,0,0,0,2
2694.093271336706,29.36002528510689,583,2344.367893555766,22592.0,4,0,0,0,2
5987.901626655126,28.170061857322917,741,5023.352488421564,28640.0,5,0,0,0,2
2893.491858240023,20.10056136782305,424,914.6709588658332,21936.0,4,0,0,0,2
2305.715467169665,20.44272933550405,434,1517.2616832805795,38656.0,5,0,0,0,2
1694.2716330036992,24.327783491164045,273,744.0222031803444,16416.0,5,0,0,0,2
1919.707614449768,22.72351317206595,531,1196.021235329278,31400.0,6,0,0,0,2
6799.557156524437,39.22830703645004,598,5583.12771021602,81576.0,4,0,0,0,2
4421.342305149048,46.348232159496575,440,3631.7672008294576,67048.0,4,0,1,0,2
1906.216415841204,55.01422971188376,316,1250.723377630281,19795.0,2,0,0,0,2
1478.7609147604298,49.27900060060895,246,1026.978013217235,17534.0,3,0,0,0,2
332.3386859229505,38.18355173548771,7,0.0,34864.0,4,0,0,0,2
148.54040480906616,37.25002993797556,5,19.123535974861426,22848.0,3,0,0,0,2
743.1705789140497,37.83534856815746,7,160.01666266538382,30636.0,4,0,0,0,2
88.08152781885241,37.76565678837782,5,60.18436045708239,27241.0,3,0,0,0,2
10187.45809971484,22.272491876205777,342,9704.310171207017,180155.0,4,0,1,0,2
155.57890200621728,24.560476067689187,62,291.8782135603672,32553.0,3,0,0,0,2
1499.1557185336476,15.322969031669016,84,846.3359631958178,59345.0,2,0,0,0,2
2751.833525610728,25.753454807871165,448,2204.062103489184,84935.0,5,0,1,0,2
3659.725071965018,26.51512921494836,465,1998.2365609267329,89295.0,3,0,0,0,3
4124.812279467247,22.715913867700788,629,3556.424991139423,108487.0,3,0,0,1,3
4721.256358754801,27.5414406243476,380,4781.223458280124,76096.0,3,0,0,0,3
3566.7548297791923,22.579239127566947,506,3109.604608881917,18423.0,2,0,0,0,3
4475.413391789455,30.28368510171014,382,1559.4649099151045,22360.0,4,0,0,0,2
3277.4546697893115,29.693631493213317,292,2935.016948184552,40732.0,3,0,0,0,2
1142.0575840704623,29.391226852691148,153,594.2469174656195,21782.0,3,0,0,0,2
1277.938901124396,23.76613792271244,170,1065.8523914859973,29068.0,3,0,0,0,3
5875.472180662014,28.940199260947228,1159,4850.344922525081,43940.0,5,0,0,0,2
5078.553035470951,34.033998798436244,844,4765.702754171056,45134.0,3,0,0,0,1
4011.528178884989,32.45773064443882,1129,3497.656882710914,56074.0,3,0,0,0,2
11364.10205834116,38.281507768395365,2367,4926.193899914072,85829.0,2,0,0,0,1
8064.228694904581,24.84901652479104,795,3742.030680593311,160449.0,4,0,0,0,3
3289.0038403647777,23.06530364441598,416,2495.2956464822005,22216.0,2,0,0,0,3
1743.8024604517493,24.00131293287273,251,1361.9087203024478,41514.0,4,0,0,0,3
3011.0634980214986,30.392185650823407,290,2437.091623302356,57241.0,3,0,0,0,2
8122.274026833623,34.91298927102383,634,5646.930261182831,79528.0,7,0,3,0,2
11678.977410986896,30.721250722364104,840,10620.457087543524,183052.0,8,0,3,0,2
6927.954443324858,38.526672735890685,444,5663.098391464684,79440.0,7,0,2,0,2
11154.899187210009,28.60973699661906,699,8839.838299768797,119081.0,11,0,3,0,2
3431.7714697110428,26.84305432112632,687,2712.570575420264,27954.0,4,0,0,0,2
2392.4511813277786,25.745342748813343,698,1922.7683314510232,15348.0,2,0,0,0,2
8005.142869415272,26.10515474823718,1569,7775.356740890226,102150.0,3,0,0,0,2
4012.814492154057,22.542631790773907,1050,3268.1385596869054,44509.0,2,0,0,0,3
3431.7714697110428,26.84305432112632,687,2712.570575420264,27954.0,4,0,0,0,2
2392.4511813277786,25.745342748813343,698,1922.7683314510232,15348.0,2,0,0,0,2
8005.142869415272,26.10515474823718,1569,7775.356740890226,102150.0,3,0,0,0,2
4012.814492154057,22.542631790773907,1050,3268.1385596869054,44509.0,2,0,0,0,3
4698.356087941125,24.18781779272314,621,4205.284845313414,156485.0,4,0,0,0,3
2626.1186320379206,26.830092743822856,372,2111.487071340191,23793.0,2,0,0,0,3
1781.9686043449574,24.75323528337517,290,1504.938388604371,36554.0,3,0,0,0,3
3754.033310781247,24.62366393441848,442,3403.0158998896995,69975.0,4,0,0,0,3
6326.056078863755,32.30459946736123,527,5473.808467450711,45582.0,4,0,0,0,2
3595.459692540342,31.682017338304693,491,2932.31452723356,18321.0,3,0,0,0,2
7445.82753939763,28.909213756677204,583,6938.292543358812,86768.0,3,0,0,0,2
6466.117344133477,29.936776353112734,597,5906.95201651275,19265.0,3,0,0,0,2
6624.823907415137,20.501384814386714,503,5095.234751749602,36387.0,3,0,0,0,3
4532.865769482814,21.01459063700264,449,4055.164075314199,34297.0,3,0,0,0,3
2985.7045226031173,19.706933971096863,317,1510.8837432721375,25711.0,5,0,1,0,3
2945.0169502104072,19.564520544491312,494,2498.766978514044,28802.0,2,0,0,0,3
4571.962960232531,30.102433296253555,626,3451.6407044656103,26391.0,3,0,0,0,2
2798.357959674985,22.707798165822208,462,2198.354250382198,59775.0,3,0,0,0,2
1133.390475157541,24.191567856122862,195,1107.183991626544,69533.0,3,0,0,0,2
2341.9812685902725,24.900876284382743,428,1969.4741761405933,155747.0,3,0,0,0,2
3360.698283357087,26.73751122128302,291,1315.0202197338658,56418.0,4,0,0,0,2
337.3478171940914,29.47037564627145,135,95.94080898194277,23967.0,3,0,0,0,2
187.37230819013277,29.025916568493447,87,354.5495080760794,21255.0,3,0,0,0,2
993.8830575186672,40.809499977672026,202,621.1519209097755,21703.0,1,0,0,0,2
3174.566976261998,24.279343890800323,632,1765.0988822338304,24393.0,5,0,0,0,3
2385.049114427402,28.42183582393472,764,1639.1810594778644,41000.0,5,0,0,0,3
1115.1928386084633,27.34874396531072,372,798.8380844936205,11780.0,2,0,0,0,3
1398.7175634762089,27.082899790831178,616,843.9572895061094,37418.0,4,0,0,0,3
4168.278125205621,36.43337286401784,327,1941.040851810932,70759.0,5,0,0,0,2
3996.2774556822937,27.998931500230185,383,3529.365160339695,110808.0,3,0,0,0,2
1074.726070595571,28.55613077719517,126,549.785182684979,42159.0,3,0,0,0,2
4391.504981046358,27.11653844113242,310,3906.570309337888,98735.0,3,0,0,0,2
3175.613843486283,29.11336926041585,427,2620.681793676409,39999.0,3,0,0,0,3
3273.25015205964,20.26763016977566,396,2932.957645323446,47929.0,2,0,0,0,3
5322.577707179447,26.276068185443552,551,5202.731039406831,40855.0,4,0,0,0,3
2046.9810106935247,25.209177284011247,361,1605.155179600133,24593.0,3,0,0,0,3
3175.613843486283,29.11336926041585,427,2620.681793676409,39999.0,3,0,0,0,3
3273.25015205964,20.26763016977566,396,2932.957645323446,47929.0,2,0,0,0,3
5322.577707179447,26.276068185443552,551,5202.731039406831,40855.0,4,0,0,0,3
2046.9810106935247,25.209177284011247,361,1605.155179600133,24593.0,3,0,0,0,3
2589.052153114425,28.9253462938058,556,1254.458833002994,20854.0,3,0,0,0,2
2370.3348670415653,33.175680188689306,496,2261.283210242767,33760.0,4,0,0,0,2
1786.672279420009,30.97998830281829,411,1012.8108133500672,30903.0,2,0,0,0,2
1644.1184283604157,29.715455114857143,381,1590.236416577494,29049.0,3,0,0,0,2
14072.109447000415,15.616623834810175,1453,12027.041934091832,97859.0,4,0,0,0,2
2654.5157616782,16.420258804001506,871,2141.315356309921,19857.0,4,0,0,0,2
11544.598561371367,15.518392753492035,1382,10531.54753416262,82751.0,6,0,1,0,2
6863.720653264674,13.417815296624042,1581,6326.899007405425,34689.0,4,0,1,0,3
9562.249255291652,24.719056047918496,875,8812.948450293336,93433.0,6,0,1,0,3
9472.626881386484,27.636180934224303,1139,8299.600878419275,87249.0,5,0,1,0,3
11354.5455833637,24.63864838164068,1573,10533.881711275208,186918.0,5,0,2,0,3
1160.7093538725744,27.239279868902923,224,592.2124764988083,23118.0,3,0,0,0,3
1070.381452721459,32.709633879450976,360,598.0252832659653,30447.0,4,0,0,0,2
565.0008906960314,30.84537481195869,255,246.53674905578717,47911.0,2,0,0,0,2
848.9858047393456,30.34075300955898,287,347.4435414573277,41195.0,4,0,0,0,2
835.3369427509299,34.83702666766985,211,52.0717666071215,49288.0,5,0,0,0,2
1597.45918656576,41.30278080831763,182,1176.604846529863,27523.0,4,0,0,0,1
1282.1463358012654,41.66167455988124,275,785.2939811341614,24714.0,3,0,0,0,1
1276.4950993078248,37.02643336784603,318,1023.5468956142364,48792.0,3,0,0,0,1
1970.2415885322068,38.78353802006487,285,1748.0321105437702,15450.0,3,0,0,0,1
14596.761361893396,29.682391355881755,1738,11322.131678165966,96218.0,9,0,2,0,3
12453.825688017532,28.48883584351052,1229,11661.823500664934,132188.0,5,0,2,0,3
4715.181456502135,22.935090812821787,606,3912.493467272665,40930.0,3,0,1,0,3
10980.772061890688,26.960776477195903,1266,10139.090078054129,66522.0,5,0,2,0,3
6390.073896341132,30.721250722364104,813,4516.6907093166,152837.0,3,0,0,0,2
5301.001066920734,25.902186072884746,695,5161.73378073455,53295.0,4,0,0,0,3
4683.711816722586,30.01238073948315,581,3998.520582082093,28520.0,3,0,0,0,3
5883.884579242057,25.889916306638124,1004,5092.417359136483,35544.0,3,0,0,0,2
9134.512246376027,17.72366155303677,649,3994.982309130068,51688.0,4,0,0,0,3
4078.4817989915887,18.366804679123977,560,3366.258770403702,48521.0,5,0,0,0,3
1709.9003799000182,24.408597424923723,224,1025.5803532826442,26693.0,2,0,0,0,3
2404.361772280188,19.86482740459889,292,2146.353622528436,17765.0,3,0,0,0,3
6105.875772659207,21.26691196488095,709,5394.524855506197,27032.0,4,0,0,0,2
1724.0210103173172,26.98570312306922,255,804.3258640012584,8610.0,3,0,0,0,2
1003.7810081381508,21.722147810328387,232,858.9371395341959,13008.0,4,0,0,0,2
5969.354115706726,22.05673034264337,490,5421.694730255953,22245.0,3,0,0,0,2
6105.875772659207,21.26691196488095,709,5394.524855506197,27032.0,4,0,0,0,2
1724.0210103173172,26.98570312306922,255,804.3258640012584,8610.0,3,0,0,0,2
1003.7810081381508,21.722147810328387,232,858.9371395341959,13008.0,4,0,0,0,2
5969.354115706726,22.05673034264337,490,5421.694730255953,22245.0,3,0,0,0,2
5448.133977749978,29.261937778186816,922,3120.490785264285,59800.0,11,0,0,0,2
3594.0384183781166,31.741162827063015,441,3216.5125942822733,70462.0,7,0,0,0,2
4851.914392333763,31.51130916475313,779,3804.820280118064,67316.0,5,0,0,0,2
2716.2822954825847,27.254615252819477,294,2005.822684973988,55885.0,5,0,0,0,2
9704.284513540571,34.082215503785974,957,8422.929042115911,68594.0,7,0,0,0,2
1343.6543902388796,27.478569705040165,124,714.394513470512,11411.0,2,0,0,0,2
4513.188333628757,32.02319097510474,381,4153.616925787099,46657.0,6,0,0,0,2
12730.984000967665,38.35186630797322,674,11842.266920071585,497105.0,6,0,0,0,2
9704.284513540571,34.082215503785974,957,8422.929042115911,68594.0,7,0,0,0,2
1343.6543902388796,27.478569705040165,124,714.394513470512,11411.0,2,0,0,0,2
4513.188333628757,32.02319097510474,381,4153.616925787099,46657.0,6,0,0,0,2
12730.984000967665,38.35186630797322,674,11842.266920071585,497105.0,6,0,0,0,2
9550.794364646796,33.37633139741167,626,4947.608906318209,157044.0,12,0,0,0,2
5076.358551121609,30.66997216264963,588,2555.473672843141,64891.0,8,0,0,0,2
3956.683131846657,50.23852216708923,457,1429.589269687625,58581.0,8,0,0,0,1
2452.625360654816,37.20196938800069,340,1564.3107296703952,29781.0,5,0,0,0,1
3047.163177423772,25.73958989729401,201,2034.642312633281,41604.0,6,0,0,0,3
1411.1004581611096,23.671073087286405,173,865.215933038875,46332.0,3,0,0,0,3
920.033945330812,25.15188052212668,209,110.0287446343857,26831.0,6,0,0,0,3
1831.2654862804973,23.47732703329148,174,1272.3939837738938,44433.0,3,0,0,0,3
6899.12730632552,27.163548178546627,626,5327.154331235543,67262.0,8,0,0,0,2
424.7539000817,28.100751481477147,174,123.34445167487264,15776.0,3,0,0,0,2
127.57231908087724,29.706419771022823,74,272.5851390002357,16807.0,3,0,0,0,2
746.6282251078479,27.102055813984663,175,90.27241645391268,21440.0,3,0,0,0,2
6350.219852538813,36.41207688546231,889,5101.434509415282,51288.0,5,0,0,0,2
4451.561872118178,35.00131638121504,668,4123.374525002757,36736.0,4,0,0,0,2
4146.73739482319,33.28140078380449,604,3891.2730260352914,38320.0,2,0,0,0,2
781.3146969204051,35.47333150600708,282,223.23979493737036,17656.0,4,0,0,0,2
5011.994119149967,29.33636672797165,803,4584.892864698498,51423.0,4,0,0,0,3
559.900570049918,32.019968089757086,185,22.129807560440213,30977.0,3,0,0,0,3
792.9915285293297,32.182466739194,186,666.0159155079173,27649.0,3,0,0,0,3
202.6632326935657,28.285854768927056,88,8.39657889972267,17097.0,3,0,0,0,3
6868.759108258926,21.517204768622506,1171,5094.935286560907,47120.0,5,0,0,0,3
4416.3181019061,23.846071930303623,678,3887.615277704997,17576.0,3,0,0,0,3
2040.6983022995744,25.606644179164523,512,2298.4900677864284,16560.0,3,0,0,0,3
2555.247865309363,23.30379428535436,605,2051.068907200364,22479.0,3,0,0,0,3
9954.25888695165,25.37380659578077,1012,8637.441634216691,74357.0,6,0,2,0,3
7549.697737390271,24.0310333577289,926,6778.3028154029,81999.0,4,0,1,0,3
534.531609916613,25.04541733190445,199,73.03510622587885,12991.0,3,0,0,0,3
381.3169802432269,25.548552665851588,178,128.5310776945546,24168.0,3,0,0,0,3
10829.961226331305,24.65040384757579,1528,9570.000177987573,56279.0,6,0,0,0,3
3458.2578963133124,24.91758908094133,562,2669.6984441909626,58273.0,3,0,0,0,3
642.5169591631741,40.24185205954446,141,200.0051492176933,17352.0,2,0,0,0,3
1316.8791009894005,25.050594998046677,328,720.2279239691213,28752.0,4,0,0,0,3
1120.138700621318,30.72613495654217,311,533.1541244851402,10823.0,4,0,0,0,2
536.7487334703239,26.637486372276264,186,158.07994824662802,11247.0,2,0,0,0,2
554.3488345481953,29.112137233489666,217,306.7097565031356,27143.0,4,0,0,0,2
2297.093865484569,32.62660774848011,308,1881.7643153578103,42309.0,3,0,0,0,2
1618.4919970998603,26.674363098884783,305,1284.07434555524,42755.0,4,0,0,0,3
10569.06027327257,24.95668007795074,1177,9674.410093176692,34445.0,2,0,0,0,3
3038.1885537404755,26.079173541043684,394,2302.370343680683,14107.0,3,0,0,0,3
6475.19745759214,29.54088855417416,1094,6967.519645931508,52441.0,3,0,0,0,3
1618.4919970998603,26.674363098884783,305,1284.07434555524,42755.0,4,0,0,0,3
10569.06027327257,24.95668007795074,1177,9674.410093176692,34445.0,2,0,0,0,3
3038.1885537404755,26.079173541043684,394,2302.370343680683,14107.0,3,0,0,0,3
6475.19745759214,29.54088855417416,1094,6967.519645931508,52441.0,3,0,0,0,3
416.08162037583,35.44370676370328,162,211.89079960623437,20593.0,4,0,0,0,2
4397.288781765672,31.1404500265235,474,3762.475822742824,99824.0,5,0,0,0,2
3193.687554844075,31.46251429874991,543,1240.0648080510452,42267.0,10,0,0,0,2
277.0785203131569,31.406886108034296,120,87.82961831838486,21230.0,3,0,0,0,2
1113.0106895566112,26.058506551209117,215,425.8800019846471,15278.0,4,0,0,0,2
747.2729822452222,26.79895640996862,159,395.8059075727288,38266.0,3,0,0,0,2
1438.2811546484684,27.808668676314912,441,1072.634064631092,39403.0,2,0,0,0,2
479.8153586114324,29.302822102482725,254,79.23355144942207,14677.0,3,0,0,0,2
3508.0023162249545,26.1529078992218,692,1979.526502853328,58679.0,5,0,0,0,2
1629.5425328732158,27.35488877138891,305,1541.8233836218687,23453.0,4,0,0,0,2
2497.916188206481,27.62582770044058,400,2228.6355323932416,28863.0,3,0,0,0,2
1550.5608949500088,27.31660020937267,321,1186.6272158403524,16983.0,2,0,0,0,2
1771.978954732797,39.02238256379721,213,1278.5879788150828,19798.0,4,0,0,0,1
2586.790673598884,37.1884114698818,338,2077.4055936924788,13456.0,3,0,0,0,1
1283.6001092605002,40.15440410549397,315,908.7040042071932,14840.0,3,0,0,0,1
3023.525690823662,36.564293328078,394,2653.708211929162,11856.0,2,0,0,0,1
1476.772497035244,24.69466708341641,173,472.5258434309515,26135.0,4,0,0,0,3
664.9144934762235,29.846514584695942,226,376.0720479048525,31406.0,3,0,0,0,3
1886.926765524934,38.98691062750846,322,1219.4063179172292,35669.0,4,0,0,0,2
2796.456353039549,28.807619635508185,301,2093.441156574764,46587.0,5,0,0,0,1
3235.5813928214093,30.21692351934334,282,893.266278896609,24806.0,5,0,0,0,2
919.1317124535052,29.02063265351871,170,295.465602614628,41834.0,3,0,0,0,2
1028.778030424818,30.944578617394495,166,514.6835181263193,13667.0,3,0,0,0,2
945.4023158042784,24.832468707732712,162,177.4795234370353,25886.0,2,0,0,0,3
1796.9007664302403,26.671945864154583,241,665.2688152115065,8463.0,3,0,0,0,2
2720.354321304732,22.873498223723843,434,2259.808689977044,24065.0,3,0,0,0,2
1070.101877384132,31.83739245932454,166,1010.2935933898564,11574.0,4,0,0,0,2
1923.841037722552,35.83446565706218,284,1537.7680907657827,37161.0,2,0,0,0,2
4733.3385326505695,27.63732769062335,842,2741.3019503277665,21038.0,3,0,0,0,3
3489.3873361287,25.475918191864107,591,3596.30589847404,19791.0,4,0,0,0,3
6660.534896585134,28.67401009010866,684,6235.51643675834,26704.0,2,0,0,0,3
3190.242210796373,24.653346635760364,494,2889.8978437356263,34112.0,4,0,0,0,3
929.0861918276928,28.7214311329454,214,326.41201445464634,39503.0,4,0,0,0,2
529.8048028373239,29.523263794193763,110,139.00986394921256,34469.0,3,0,0,0,2
464.7654970217228,29.49689809381996,158,259.2826376972371,21230.0,3,0,0,0,2
590.3083176855347,25.65007869988779,130,160.4433243467711,33336.0,2,0,0,0,2
3716.024345303904,32.38770401340756,492,1735.6588682702811,22791.0,3,0,0,0,2
2746.900770600677,33.4745703758382,471,2787.244414964326,31616.0,3,0,0,0,2
1761.2340830020053,29.107181453168376,320,1429.7034031046494,20832.0,3,0,0,0,2
6326.413296846852,30.946517645645187,765,5926.53797969858,31559.0,3,0,0,0,2
4026.004430969104,25.940333916271427,383,2989.7129931949985,43856.0,5,0,1,0,3
698.0325230435727,25.326621408978166,148,172.70851098814126,23427.0,3,0,0,0,3
855.8844445558716,25.350485316368967,199,348.4739063864772,17937.0,3,0,0,0,3
1002.597120025492,24.82451923908165,237,403.8506520118922,13155.0,3,0,0,0,3
2972.42683710225,25.618929137525715,466,1129.5047038035982,26937.0,5,0,0,0,2
1034.699761358106,26.239295256200823,199,741.8145600141243,30057.0,3,0,0,0,2
458.72461903156807,26.081229566230697,165,37.01977484169197,13076.0,3,0,0,0,2
376.51700779364273,24.94532552669547,137,24.888845182499324,11811.0,3,0,0,0,2
1692.4788738218922,36.727938231285805,318,704.9951146847624,60147.0,4,0,0,0,3
1019.1965655583992,34.53474351542102,142,384.6512008183184,58098.0,3,0,0,0,3
3311.9263091325133,34.62571606628624,411,2344.5155863627524,94401.0,3,0,0,0,3
1436.6139665898638,35.66810457648718,283,1506.636292129062,58455.0,3,0,0,0,3
968.542149998484,26.445919620186057,163,171.34884357903627,20952.0,4,0,0,0,2
920.502893368315,24.76047629090241,202,765.9901334691104,20380.0,3,0,0,0,3
1813.5892524999956,35.05320355257381,201,1250.5724724769848,44856.0,4,0,1,0,1
3188.590715562851,31.25405344796841,314,2812.971885887778,41242.0,5,0,1,0,1
3802.513146145725,30.75114920038461,511,2576.371091283861,22522.0,4,0,0,0,3
1300.294406791657,36.88200679713381,202,867.5158893627828,17781.0,2,0,0,0,3
1021.2710893209068,48.18157842994443,113,480.24539928176114,25330.0,3,0,0,0,3
2530.910474104984,32.70082293434129,265,2309.307709976698,33954.0,4,0,0,0,2
7839.717607125559,31.722787982993285,628,6250.346717155684,85152.0,5,0,0,0,3
2006.9626272202963,28.019035703805347,316,1344.0588210029578,27866.0,4,0,0,0,3
4744.950209167099,30.888111916313687,715,4509.995117456259,47531.0,3,0,0,0,3
3621.661624658225,30.618854365709147,727,3400.387271628688,60316.0,2,0,0,0,3
4926.11383115298,25.71568423358425,488,2334.8544598064977,43903.0,3,0,0,0,3
1766.830085547081,24.63864838164068,166,1751.6980226002129,68322.0,4,0,0,0,3
1539.06962457573,24.74693339088216,167,516.9293653464797,57074.0,2,0,0,0,3
5591.077047624805,25.679994838600088,618,5167.465975705572,143919.0,5,0,1,0,3
5670.29317183281,20.987046256486607,1599,3586.3275042446667,40809.0,8,0,0,0,2
3889.2062263679336,18.485919684466914,1108,991.4497263955204,23051.0,5,0,0,0,3
3710.030191379124,19.394757654177354,1400,4441.279998181903,23232.0,6,0,0,0,2
2073.175861156957,19.373742836037923,775,1019.8093806794234,15295.0,5,0,0,0,2
2908.3840042779,26.149332953710005,387,2096.2348448859166,55870.0,4,0,0,0,3
1437.8918928084374,24.871012187503656,134,789.8141030397212,23137.0,2,0,0,0,3
2086.5746929385955,26.51486145479793,291,1827.8072750368533,56870.0,2,0,0,0,3
7538.145318679525,26.748807694432983,839,6826.224208949332,191718.0,5,0,0,0,3
10846.218330378915,22.35716294863311,1231,9536.109992049029,59399.0,4,0,0,0,3
6019.061032638726,21.936289205811796,1460,5673.117153988268,79583.0,3,0,0,0,3
9662.494129798682,19.20463089099501,2017,8865.517532794342,75648.0,2,0,0,0,3
7700.393650357735,20.536438645171305,1578,7415.151123540418,109207.0,5,0,1,0,3
540.1105652790988,32.77330266784729,237,93.4391535982457,26733.0,3,0,0,0,3
1639.9821350271525,29.78155904853387,352,1126.594578870335,71202.0,4,0,0,0,3
1118.4192120048142,29.034170549317576,182,369.9415077723992,29360.0,2,0,0,0,3
583.315079536853,29.556747899419605,132,325.68919215875144,29688.0,2,0,0,0,3
2284.1456378837597,27.7795664979616,252,1124.3007195115854,22853.0,4,0,0,0,2
576.1548701168571,23.51414268936816,125,122.4136596137622,48800.0,4,0,0,0,2
437.5462724210832,24.41541511556524,93,130.42712442802986,27952.0,3,0,0,0,2
1390.166468667752,24.5540186275662,245,694.9130115769588,26560.0,3,0,0,0,2
3814.05819493064,28.05954417935328,597,3448.465630022173,22317.0,3,0,0,0,3
1401.8725364799564,25.349701323030093,571,1294.6934245096734,20274.0,2,0,0,0,3
185.90451744436103,29.212114914541026,81,16.673973301863555,21415.0,3,0,0,0,3
3068.721819735404,34.98353957474292,630,2090.04525383016,54310.0,5,0,0,0,3
5323.179367666525,31.484919809258454,881,2794.302743076338,73919.0,10,0,0,0,3
3641.8326933939456,25.04541733190445,470,2342.118816428904,47130.0,9,0,0,0,3
3660.1906969276224,29.451796793488345,475,2986.0330262631187,58375.0,6,0,0,0,3
2489.1604697033567,29.48945758894355,388,1281.2528920051982,32583.0,6,0,0,0,3
8760.108779379048,24.41079578515381,967,6097.258682896405,135807.0,10,0,2,0,3
8635.400839269572,22.65259284430416,898,6922.123304575684,88701.0,6,0,2,0,3
4508.451457581769,32.943604024004095,514,3549.0762510914174,54619.0,5,0,1,0,3
4860.383450973228,26.83158240086567,913,4279.477031335012,29072.0,5,0,0,0,3
2533.841163420573,25.67943705113425,378,1693.049765501723,51223.0,4,0,0,0,3
2104.227389383179,29.824630914204512,230,1135.164775150081,35757.0,5,0,0,0,3
679.7917278879127,23.782615411631728,236,273.0093891375652,23307.0,4,0,0,0,3
4859.510847175231,25.261270629806276,578,3265.276785930061,41620.0,7,0,0,0,3
2261.024476540272,25.926215734600028,419,1683.2120098559217,83216.0,7,0,1,0,3
5620.727560910433,29.746795898829664,634,4583.669460530819,241837.0,9,0,2,0,3
3812.1827862854407,27.55168250832106,406,2508.50941969068,152644.0,10,0,2,0,3
3464.600564000724,25.872953845212557,435,2564.883618108762,96024.0,9,0,2,0,3
1343.1104506438442,25.735297728368693,239,523.4675447538295,26980.0,3,0,0,0,3
3171.4110328601687,22.542523867278597,440,2824.618453361022,319361.0,4,0,0,0,3
3801.756373855247,26.308530803296964,377,2789.735470242312,7415803.0,4,0,0,0,3
1138.6321427512958,27.423227426042654,306,461.1246690253704,20594.0,3,0,0,0,3
1971.9448849105336,28.097888686227197,513,1078.7348505221148,16112.0,3,0,0,0,2
1215.217646931036,29.33044328092924,276,657.4338901268359,28754.0,4,0,0,0,2
2323.334012684129,24.810080628441604,533,2067.1724651292348,25326.0,2,0,0,0,2
1917.359496008684,28.652335217538106,515,1383.529291715476,20784.0,4,0,0,0,2
13106.32963524013,118.01276859967967,1839,8190.900481780434,102530.0,8,0,3,0,2
14024.161023813382,133.97206062462627,1935,13250.476468452694,125102.0,5,0,11,0,2
5141.137823791056,83.69604329253823,790,4687.729633468088,83352.0,3,0,1,0,2
3716.877552882177,93.4081637495049,529,2458.899319581937,49134.0,5,0,2,0,2
9557.752255600508,25.763952976713764,1170,7512.675221110926,59444.0,11,0,0,0,3
16779.93507303727,66.88487999136531,1571,11386.96254652028,177832.0,14,0,0,0,3
6469.57637637476,60.44868741406296,825,4585.745460232917,63282.0,8,0,0,0,3
13064.52639548256,56.657019832028006,974,10891.657065794472,352266.0,7,0,0,0,3
7910.452216219296,66.44971158790813,753,4588.249576319351,64573.0,8,0,0,0,3
3328.1369770483766,66.37694867376968,463,2958.336336524637,21691.0,5,0,0,0,3
5730.824182203681,51.04779335777895,677,4911.66807518,59072.0,6,0,0,0,3
4872.107631650136,43.724161383634296,589,3490.4882208256795,86965.0,6,0,0,0,3
11585.838551923036,89.78819419011008,1491,8403.007612985568,150623.0,7,0,0,0,2
3078.9256912762794,70.82204197959766,617,2873.015751914063,22071.0,4,0,0,0,2
4900.063859219164,80.47736038332383,801,4917.364158781164,53743.0,4,0,0,0,2
8515.566461462064,79.65286110099672,1181,7483.875862115616,73960.0,5,0,0,0,2
6620.910994980868,28.376706649457784,725,5285.112278148782,153375.0,6,0,2,0,3
6533.882797330604,30.835983584945428,909,5758.172391393036,71480.0,4,0,1,0,3
8592.810997957793,33.349180550767066,597,6337.130002354379,63475.0,6,0,2,0,3
4749.191671832982,31.94827723721052,428,4015.592509538461,103751.0,6,0,2,0,3
13424.338271467675,31.882718740525988,989,12054.099429956124,123792.0,3,0,0,0,2
814.0281185846741,28.763232302811087,185,1160.9337506332392,19902.0,4,0,0,0,3
574.5782018389264,26.5019735826566,182,209.4982216385115,14007.0,2,0,0,0,3
1284.4621563226813,27.24047773249276,385,1115.230162155379,44692.0,3,0,0,0,3
831.4013812303408,26.995304831590467,101,7.589169475851293,25511.0,4,0,0,0,2
648.451975184629,26.178046714215405,241,251.2898077772168,28305.0,2,0,0,0,2
468.76320986309867,25.97320867421389,160,264.1965083328457,26439.0,4,0,0,0,2
286.2988420247351,25.31506846125579,74,153.42507404032995,15929.0,2,0,0,0,2
13358.961180271934,36.08490104710465,1176,10323.638025841465,175454.0,8,0,1,0,2
8934.073503894135,32.974656238002375,766,8782.210082567857,181541.0,6,0,0,0,2
1246.3504642929904,29.162868165097567,349,524.3345581045907,38168.0,3,0,0,0,2
14783.207591952234,34.75022687316522,1265,12244.16058255127,349405.0,13,0,1,0,2
